{"cameraMode":{"drawMode":0,"name":"Shaded","section":"Shading Mode"},"sceneLighting":true,"audioPlay":false,"sceneViewState":{"m_AlwaysRefresh":false,"showFog":true,"showSkybox":true,"showFlares":true,"showImageEffects":true,"showParticleSystems":true,"showVisualEffectGraphs":true,"m_FxEnabled":true},"in2DMode":false,"pivot":{"x":0.06066034734249115,"y":-0.9850978851318359,"z":10.51025676727295},"rotation":{"x":0.3026755452156067,"y":0.002859270665794611,"z":-0.0009080290328711271,"w":0.9530893564224243},"size":8.158159255981446,"orthographic":true}